homogeneity,completeness,v_measure
0.96683388081091115,0.54988262435535484,0.70104749290335711
