unique_node_num,freq
3.0,0.32500000000000001
4.0,0.55000000000000004
5.0,0.10000000000000001
6.0,0.025000000000000001
